1,+,GAGTGGGGAACGGAGCAACCTGGGCTTCCATGATGAAGAAAGAGACAGCGCAGGAGCAAAATGTCCAGGAAGGAGGGAGAGAGACCAGAGGAAGGAGGAGGCGCCTCTTTCACCCGCGTCCCCAGGTCCCCATGTACGCCACGTGGGTGGGAGCGTGTCCCACACACCCGCGCGCCCAAAGCCACATTCGCCACGCTCCCGCCGGGGCGGGCTCACCGCGCGCCTCTGGGTGCCGAGCCTCCACAGGCCACATAGCCGCCACCTGCTGCTGCATCCCCACTGCGGGGACAGGGGCACTCAGTGCCTCCCTCCGTCCCCCCCGCCCCGCGAAGGCCTCCCATCCTCCAGGGCCAGGCGGAGGCCACGTCTTTCCCGGGCCCCCTCCCCAACGCGGAGAGGGAAGCGGAGGGAGGAGCTTGGCCCGCAGCCGCCGGCCCTCCCCGCACTGGAGCTCCCCCTCCCCTCCCTCCCCGCCCCTCGGCTGCCGCAGCCCGGCTCGCAGCGCGCGTCAGCGGGGGCTCCCCGGAGCGAGTCGCTAGGTAACGGGGCTGGCTCCGCAGACGCGGGGCCGGGGAAGCCCGCGCGCGTCATCAGCAGCGGCGCCGCGGGGCGGGGGGCGCAGAGACCCTCCCCAATCCCGGCCTGCCACCACCTGGCTCGCGCGCAGCCCCGGCCCAGAATGCCTTAACCTGCGCCGATTGCTGCCGCCGAGGTGCCCCTCCCCTGTAGGGACCCCGACGCCGCCAGCCCCTTCCTCCTTTCCCGCAGGTGCGCACTGCTGTGCTTGCGGCCGGGTGGGCGCCCCGCCGCTGCGGTCGCGGTCGCCGCTGGTAAGCTGCGCTCTGGGGCTTGGGGCAGGAAGCAGTGGGGGGCGCTCGAAGAGCAGGGCAGCTACGGCCACCGTGGCCGCCGGACCGGCCATGTGCTAAAGTTTCTGGGGCTCGGCGCCCCGCTGGGCGCGCAGCGCGGGGAGCAGACGCGCCGTGGGTGGGGCAGCGCGG
2,+,TGAGTCGCACGCTAAAAAGAAATCTGCAAATGTGTTTTCATTTCAAGTAATACAAAAAAACTCAGCAGATATTTATAGTGAAACATTGCTGGCATGAACAAAGAAGCAAGTGTACACATAGATGAGAATTCTTTGTCACAAAAATGAGTCCAGGACATCGATTTAGGAGGTTAAGTGATTTTTATGTTCTTAGTGCCCCACAAAAGGGAGTCTATTGGGATGAGTCCAGACATTTAAAAATGTACCAAAAACTTTCATTTCCCACAATTTAAAAGCATTGTTTATGTTCCTGATACAACACATTGTTTAAATGAGGGGGACCGAAAAGCAGTCTGAATATGCAGTAATCGGGGCTAAAGATGGTTTTTATCCCCAGGTCCCCATTTACAAGATCCATTCGGAGCTTCCTGTGATATATTGTTATGTAAATACTGTTCAGCCAGGGAAAGCAGTACTATGGAGATTCAATTTACTTTGAAAGTTGTTCATTATAGCAGGGATGAATGTTATTTATTTGATGTGATTCAAAGGCTGGAAATGACTTTTTCATTGTGGCACCTTTTGTAATGGGTGCAGGGTGATCTAATCTTTTTAATTTTGGCTTTCACACCAGTGGAGATGAAAAGAGATCTGAACTCATTTATCGGTTGCTAGGTCCTTCTGGAGGCCCAAGTCCTGTTGGTGGTTGCTATGGCCAGTCTGACCTCAATCTCCGTGGTTTTGGGGACTTAGCAGTCTTTTTTTCTTATTGAGGAGCATGTACCTTGATTTATGTCCAAAATCGTGGCTGAACGTCTTTGTCTGCAAGTGATAAATGGTGCCGAGCAATTCATCAGTTCTTACAAGTAAACACTGCTGTCCCACTAAAAATATGTTTTGTTCTGAGTTAATGGTATGGAACAAGGCAGCCTCCACAAACAGCTATCTTTTATTGTGGAGGGGCCACTGAAACTTGGAGCAAAGTGGAGGAGATTGGCATTCATTTTCTTGTACATTAGCAT
3,+,TGAGACTTCTTTGCCCCAACACCTCTGGGCACCCTCTCCATGCACTACAACACTAGTCTGATACAAAAGCCTTTTAAAAAAAAGATCATTATTAATTTCCTTGGAAATTAAGCATACCAGCTCCTTCCAGAATAATCAAGGAGCATCCACCAACCAGCAGGACTGACCTGTTTTGGGAGGGTTTCTTTTGACTTTCATCCAGTCAAAAGTCTGCGCTGGAGAAGATGTCTCCGATGCGGGGGAGCGACAGGCTTCTTGGTGGCTGGCGTGGAGAGGGGACAAGGAGTTATTATACGTAGCCAGGGCCAGGCTCTGGTGCTCCTGTCCATATGAGTGGTGAATGTATTGAGGCGAGCCCACCGCGCCCCCAGCATAACCCTGGTGGTGGTGGTGATGCTGGACCATGGGAGATGAGAGATTTCCAGAGTAAACAGCGGGAGCGCACTGGGGGTACCCACCACTTACGTCTGCTTCCTGATTTAACGCGTAGGGGCTGTAAGGCGCACTGAAGTTCTGTGAGCCATAGCTTGGACCACAACTTGAGTGGGAGTAGGACACCCCCAGGTTCCCGGAAGTCTGGTAGGTAGCCGGCTGGGGGTGGCGATGGTGGTGGTGGTGGTGGTGGTGGGGCGAACCGATCTGCACCCCCCTGCCCACTAGGAAGCGGTCGTCGCCGCCGCAACTGTTGGCGCTGACCGCGCACGACTGGAAAGTTGTAATCCTATGGTCCGAGGGGTAGGCTCGGGCTGAGCAGGTCCCCGAGTCGCCACTGCTAAGTATGGGGTATTCCAGGAAGGAGTTCATTCTTGCATTGTCCATCTGTCACTGAGTGACCTGGTCCTGCGAAGCCCGGCGTGACTGTGCCAACTTTCTCACTTCCTCCATGGGGCCGGAGAAGAAAAATGATATGAATGTACAGTGCGCAAGAGGGGGGGCGGGAGGGCGGAGGACGCTGGAGGAGGGGCACGTGACGGTGTCAGCCAATGGCTGAGCCTCCTGCA
4,+,ACCCGGCTAATTTTTTAGTAGAGATGGGGTTTCACCATGTTGGCCAGGCTGGTCTTGAACTCTTGACCTCAGGTGATCCACCCGCCTTGGCCTCCCAAAGTGCTGGGATTACAGGGGTGAGCCGCCGCGCCTGGCCTCGAATTGGATTTCTAACACGTTCTCAAGCAATGTGGATGCTGCAACTCTAGAACCACTACTTCAGGACCACTTCCTAGCATCCCTACTCTAGAAAATAGTAGGTACTAAGAAGAGGGCAGTTAAATAAAAGACTAATCCGGGCGCGGTGGCTCGCGCCTGTAGTCCCAGCTACTCCGAAGGCTGAGGCGGGGGCAGGAGGACTGCTTGAACCCAGGAGTTCGGGGGGGTGCGGTGAGCTATGATTGTGCCGCTGCACTTCAGCCGGGGTGACAGAGTGAGGTCCCATCTCTAAAACAATAAGAATAAATAATAATAAAAAATTCAAGATTAAACCTATAAATGTTGTTAGGCCAAATGCTGTACACGCATGAAGTTAACAGTTATGGGTTCAAATCTGGACTCCACCATAACCATGTGCATAAAGAGGCATACACCCGAGGTCTTCCTGGTTAAGCCCTTGGCGCTATGCCAGAACAAGCGTCTTCTGTCCTCTTACTCCGGGGTTCAGGCTTCTGCGCCCCTGGTCCGCGGTCGCGCGCAGCCCCCGCGCCTCTCCAGCCCTGAGCTCTCTGCGGCCTAATGTGGACGGGCAAGCGTTGCCATGACAGCGCCGCGGGTGGGGATGCGGGAGGCTGAGCGCACCGGCCAGCTAGCCCCTTTGTGCGGCGGGGGCTGCGGAGTGCTCCCTCCAAGACCGGTTGCACCCCGCTTTCCTGGCCAGGACTCTGGGCGCGGGTAAGGAGGGGTTGGGTGTGAGGTTGTAGGGGCGCAAGGAGGCGGGAGGAGGGTGGAGGTGAGGGCCGGGGGTGGGGCGCCTCCGCCCGCCAGCCGCTCCCGCATTAAAATTTCATGGGCGCTGCAGC
5,+,AAACAGAGCAAAAGAACCCAGATGAAAGCATTTGACTAAGGGCCATCTCCCTTGATTTTTAAAATTCTGGGTTCTCAGTAAAATTGTGAGATACCTTAAGACTAGAAAAGAGAAGTGTCTCTATTGTCTTTTTTAATCCTCCCAGTTATCTTTTTAGAAGTTGTCCAGTCTTTTGCCAAAAATACATTCCTTATTACTAGTAAGCCTAGGCTGAAAATAAGAATTTAACAAAATGTTGTTTTCTGACTTGATCTTGGGGTGTTTTTTTAAACTACTATTTTGCATGTTCACAGCAAAGTTCTTAGCGCTTGTTCATTCCCTCAGATCCTTTTTTTTTTCAATTAAATAGCTGGGAAAATGTGTAAAACTATTAGCTCTAGGCTAAATAAAATGAAAAAGGTAATATTTAGATTAATACACTTTTAATGAACATTTTTTGGGGGGGTAACAAGCAGAGGAACAAAAATAAAATTGCTGTATGGCTGCTGCACTTCAGAAAAAGAGTCAAGTTTAATGATAAATCTGGCCTTAGAGAACCAGCCAGAATGGATAGGGTCTGAATAGGATTTAAAAACCCAACTGTGTGCAGAAATTAGAGTTTTGCCCCTGAATCATATGGAATTACAGTGCTGGGTGCGTGTGCCATGCCTACACAATAAAGCCCAGAGGAAGCAGCTATTTCTGTTGGTTTTATTAAACCAACCAAGCAATTTAATTCTTTTGTTCAGGAGAGTTCTACTTCATTGATTAACAAAAGCAGGGATATAATTTTTTCAGCCTTTTTGAAAAGCCTGAAATGTCAAGCCTTTTAAAGCAGATTATTCTGCCTCTGTGCAGTGAATACAGCCAGAGTAACCTTTTGTCTACAATTAAATATTCTAGCATAAATATAAAAGAAAATCAGAGATGGGAAAGATTGACTCACGAGAGATTGGAGAGGTAGATTCACACAGTGATAGTGCAAGCAGCTTGCTTCTAATTAAATATGCGACTGAGTCTCA
6,-,TGGGTGCAGGCGGGCTGAGTCCAAAAAGACAGTCAGCGAAGGGAGATAGGGGTGGGGCTGTTTTATAAGATTTGGGCAGGTAAAGGAAAATTACAGTCAAAGGGGGTTTGTTCTCTGGTGGGCAGGAGTGGGGGTCGCAAGGTGCTCAGTGGGGGTGCTTTTTGAGCCAGGATGAGCCAGGAAAAGGACTTTCACAAGGTAATGTCATCACTTAAGGGAAGGACCAGCCATTTACACTTCTTTTGTGGTGGAATGTCATCAGTTAAGGCGGGGCAGGGCATTTTCACTTCTTTTGTGATTCTTCAGTTACTTCAGGCCATCTGGGCATGTACATGCAAGTCACAGGGGATGCAATGGCTTGGCTTGGGCTCAGAGGCCTGACAAAGCCCCTTAGGGAAATTATCCTGTGAGTCCACCAAAGGATTTGTGCTTATGAGGTGGACTCCTAGAAATGAGGGTTCTGCATCGTGACCGAGCCACTATATCCTCCTAAGTGTCTGTACATATGTGTGTGTGCATTTCTGTGTGTCCATATGTGTGCATATGTGTATGTGTGCATGAGTGTTCATATGCGTGTGTGTGCACTTGTATTATGGTCATGTGTGTGCATGTGCTTATGTGTGCATGTATGTGCGTGTGTGCATGCCTGTGTATTAATATGTGTGTGCATGTATGTGTGTGCATATGTGTGTGTGTGTGGTCTTTATCTGCCTGTTGGATTGATATGGGAATATGGGAATGCTATTTGGCTGGTGCCGACCTTCTTCTGATCTGCACAATGGCACTGCAGCACTGTAGAAAATATATTGATTGATTGATTGATTGATCTTTTTGAAATTAAATGAGCAGGGATCTGGGAGTCATGAGACCTGGGATCTGACCAGTGGATCAGTCAGCAGATATCTATTGAGCACAGGGAAGCACTATGCTGGGCACTATGGAGGAATCGAAGAAGCAAATGATACTCTTCTGCCTCCAGTTAATAAAAGTGTGTGGGGCAG
7,+,TGCTTTATGTGGGCAGGTGGGGACAGGGAGTTGGCCCAGAAAACAGGACCCTCATTTCCTGGAGCCCCCAGGGCAGCTCCCCAACACCGTACACAACCTGCATCATTTACAGGAGCCAAAGGAGTTTTAGAAATCAACTTCATAGAGTTGCTGTATCATTGTGTTAGTTTTGCCATCCTAACCTATACAGCGTCACTAATCTCTCCCCTCGGAGTTGACTGCCTAAAAACAAGCCATGGATACAGGTTCCAAAGACCCGGGGGTGAGGGAGCGGAGAGGGTGGGTGTCACCACCCCGTCCAGCTCCAAGCTTTGTGTGCCCTGGAACTCTCCATTTTAGGTCATTGCTTCAGTTTCTTTTCTAAAAAATTAGGCTGCTGCAAGGTCAGCCTGAGACCACTTCTGCCCCGAGAATTCTAGACTAGTAAGACCTGGTGACATACAAACGACGAAGATATTTTACAATAATGCCATGGCCCTTGATAGCTACACGAGGTTTGTGTTCTGATTTTAAATTAATGGATGACGTCGAGACTATATGGAGGAAATGACAAAGGACAGGAGAGAGGTGGGAAAGGAAGACCTAGACTGAAAATGGAAGTTGGGCAGCAGCTCCACGAAAGAAAGACCAGCCCCCAAGTGCAGTGACAGCGCAGAGTAGCGACCGAGAAGTTCCCAGGCCAGCTGCCACCCCGCCCCCATGCCATTCCCCAGAACAGGCACAGGCGTTAGGGCGGGGCGCGCGTGCGCAGTCACGCGCTGCGCCAACCGCCACAGCTCCGGGAAGGCGGCCAGGACCGGCTAGAGCCGGTTAGAACCAGTGGCGCCCGCCCACGAGCCAGCGCCTCACAAAGGGAGGGCGGCTCACGGCCCTCGCGTATCCCTGCGCGGCGCTCGCGAGCCGCCCCTCCCCCGGCGTTTGTCCCTGACGCAGCCCCACCGGTTGCGCAGTCCCTCCCCGCCCCCGCTCTCCCCTCCGCAGCCTGCAGCCCGAGACTTCTG
8,+,GCAGCAAATAAAAAATAAATAAATAAATAAAAATCACCTTTCTCCCCACCCCCACCCAAATGTAAAATGAGCCGACAGCCTGTCCCTCGGCTATGTCAGATACTGCTTTCCGCACAATATCTTGGTTTTACATTATTTTGCAACGGCCTCTTCCCACTTAATCCATCCTGAACACACTTCTTGAATGTTCTACCCCGGCAGGGATGCGCATTCTCAGGAAACACGTCCCCTCGCCAGGCCCCTGGGAAGAGTCAAAACCACGATGCCTGCCCCTGAAGCGCCCGCGCGGCTCCACGGGGCTCCATGTTGTCACCCACTAGCTCCTGGACGCTATCAGCCCGCAGCAGGGTTTCCTGGCCAGAGAAACCGCCTGTTGGGGTGCGGAGCGTTCCACGTCCCCTCGCAGCACCCCGCTGGCCTTCTGGGCCGCCCCGCCCCCAACCCGCGCCCGGGCGCTGACGTCATCGGCCGAGCCCGACTCGGAACCACCGCCCGAAAGTCACGCGCGCCTCCCGGCGGGACGTGCCCTCTGCAGAGATCCCTCCGCCGCCGCCTGGAATTTTCCAGATGTCCTGCCGGCCCTTCTTTCGGGCCTCGGCTGGGCGTGGTGACCTCAAGCGACCCCGGCGGCTCCCGTCGCCCACTCAAGAGGGCGCCCCCGCCCGCCACGCCCCCAGCCCCTCTCGGGGAAGCGCGTCCCCCGCCCGACCTCAACAACATCCGGGAAGAAAAGGGGTCTTCTTCCTCATGGCATTCGCCTCCCAAATGTCACCTTGAGCGCTGTCCGCGATCCCAAAAAGCACTGTTAAAGAGAAGCGGGGATACACTGGGGTCCTTGCGTGGGGGCCGCCTGGGAGACCATGCACCGCCCGGGAGTCTCTCCGGGCAGGGTCGGGGAGGGACTTTTTTGCCGGTGGCCGTGGAGGAATCGTCCCGTTGAGCAATGACCCCGGTGACGCGGCTGAGGGCTATAAAAGCAAAAGTTGTGGCAAGTCCAGCCG
9,-,AAGAGCCAGGGTCTGGCCTGCCCTTATATTCACCAGATCTGCTGACAGCCCCACATCCTTAGGCAGGGCCCTGGGTGATTGGCTGTCTTAGGAAAGCATGATGGGAGAGGACCTATTTGGTAGTGTCACATACCACCTGTTCTTCTGATTGACAGTGCTAAATTTAGTACCTCAAAGGAGACTTCACCAAGGAAATAGAACTGTATTTAAAGAATAACTGTGTTGAGGCTCAGAGAAGAGCATTGGTTGCTGATGTTAAAATCCGAAAATGCAGGTTTAAAGAGGTGTGACAGTAGATAGCACTTGTGGGCAGTCATACAAAAGAGCCCCAAACCTGAGGACTGTGCCCTGAGTCAGGCCCCAGTCCTGTTCCCTTCCCCCATAAAACAAACCAAATGGACCTGTCAATCATGACAGCAGATGAGGAAATTTATCTCAAGCATAAGGCTTCATGTTCTCTGAAGAATCAGTTGCTATAAACCTTAACGTTGAAGAGAGCTCATTTGTACTACCTACATTCTCCAGAATCCACTTGTATTTCGGGGACAGTTACACTGATGTTAATGAGCTTATTGCTTATACAACCCTGCAAGATATAATGTTGAAAGGCAAAATTGGAACTCTGCTTAGGTTAGTCTGTACAGTACAATGATTTCACCTTTGTCAGATTTCATTTTTGTCTGGCATTAATATTTACAAATATGTGTGTACTGCTCCTTAGTAAGTAGCCAGGTCTTATGCTTAAATCATCCATAAGGTTCCTTTTCCAGACACATGAATGCTGTTCTGCTAATCTCTGGAGTTTGCTGTTACTAATGGGAAGTGGATAGGAGGTGATATAGTTGCTATTTTAGGACTGAATTTAATTTCAAGCAAGAGATATTTCAAATAAAAAAGAGCACACCAAAAGATCTTTATAATGACTCAGCTGAGAGATTTGTGAAACTCTACTTAGAGGGAGGAAAATTGTCTTGTTGATAATGGAAAGAGACTTTTATCAA
10,-,TGGAGCGCCGCCGCCGCCGCCGCCCAAGCTCACAGCTGAAAGCACTGCGGAGGAGCCGGCGCGGGCGGGCCGGGGAGGGGGCGCTGCGGGCAGACGGGGCGGGGCCGTGTCGGGCTCCGCCCCCACCTAGGGACCTGGGAACCCGGACACCCAGAGACTGGGCAGTTGGGGCTTTCAAAACGGAAAGGAAAAAGAAAAGAGAAAGAAAGAAAGAAAGAAAGAAAGAAAGAGGATGGGGATTTAAGGTAGACCCAGGAACCTGGAAGCCACACACCGCTCTGCTAACACCTCCTTAAAGCCTCTAGCAAGACTACTTGTTGTCTAAATAAATGACCCAGGTGCAAATGACCTCATCCCAGATAATTAAGAGTGTGGGCTTGGAGTTTTCTTTTTAAAAAATAAAAGAAAAAAATTATATACATAATTCTCACTCTCCCTTCCTCCTCAGTTGAAGATTAAAGTGGCCGGCGATAAGGACGTGAAATTGCCGTTAGGCTCATCCTGGGCTAAAAGGGATTGTTAAAAAGACTTTGGATTTGGATTTGTGACATAGCAGCGGATCTCAAAATGTAGACCCTGGGAACAGCAGTTATCAGTATCACCTGCGAACTTCTTAGAAATGAAAATTCCCTGGGCCCGGCCCAGACCTATTGAACCAGAAACTCTGAGCATACTAATGTTTGAGAATCACTGGTATGGACTCTCTAAATTAAGACAATACCACCAGTGCTGTTGCACGGTTTGGTCCTTTAGTATTCTTTTAGGAAGATCTAGAAGGAACTTGTTTCTAATAGAATATTTTATTGGAAAAGTTACAGGGCCTGAACAGTTCAAATAATTCTAATTTTAGAGTTTGCAGTATGATGATAGAAGTTAACTACACACAATTATTTCAAGCTTGGAAATACTCAAAAGAAGAAGAAAGCCTTCATTAGCACAAGAATTTTCTGCAAACTTCACATAACACCTTAGATTAGCATCCAAAGAGCATCTTACGATAA
11,-,GAGCATTCTTCCTGCCTAAAAAACAGTGGATCTGCAAATCTCTTTCAGTATCTACTCGCTCTTCTGTACAGATGCAAAGCCTTTGGATTAGATTATTTTCCTAAGTGTAACAATAGTAGAGTTCCTCGCCAAACATCATATTATTCACACTGAAATTTTGGCTGATTTTTACTTATCTTCACAGCCTTTTAAGGGTAAAAACTCTCTTCTGAATTGTACTTTTGCAATAAGATGTTGTGTGCTCAGCTCCACATTTCTGCGTTGTAAAATATAGCATGCACTTTCTCAAATGGAATTTGCCTCTTGTGACTCTATAGCAAATTTTCAAATAAGAGGATATTTCAAGAAAATATTATTTATTTTGCACACTGGAGATATTTAAAGTCTGGCACCCTGTATGCTTCTCCCAAGGGTAGACTTTATACTTGATATTTTGACTTTAGATGAGTGATTTCTTCACAAAGTAAGAAATTAGATTAGCTGAATCTCTTACACAACTTCTTTAACAAGTAAATAAATGCTATTCAGGAAAATGCATTTTGTATTTTAAAAATACTAATCGTGAATCAGTATTTGTTAAAAGAAACTGTAATTGTTATCAATTATACCGTATAATTTTCTCTAAAACTTCCAAGTTTGCCTGTCTTGGGGGCACTTATGGTTTGAAATTATAACACAAGAAAGTTTAAGTGTTTTCATGAGAAAAATTAATAAAATCATATGTTTCCTCTCAGATTTGTATTAGGTATTTAGTTTGTTAGGAAAGCTATCCCCCCTACCACAAAAAGTAAACAGACAGCTGGTTTCATAGTTACATTATGAAACTATAAGGAATAACTCATTTAGCATATGTGAAATATGCCAATATCGCTATTCTGAAATAGTGTTTTCCTAAGGGGTTATGGTGTGTGTGTGTGTGTGTGTGTGTGTGTGTGCTTTGTGTGCAAGTACTCATACATTTTAGCTATTCTACTTCCATTTGATTTTTGTATAACAAACAC
12,-,TGTGTGTGTGTGTCTGTGTGTGTGCGTGTGTGCCGGTGTGTGTGTGTGTGCGCGCGCGTGTCCCTCTCTCTCCCCCCGTCTCTCGCTCGCCCGCTCGCTCGCGCTCCCCGTGTTGCTCTCAAGGACGAGGTGAAATCCCTTTGCTGGTCATGAGGCGGCTTCAGAGACAAACAACACAATGCGAGTGCAAATAACAAAAGGCAAAAAGACAGTAGGAACAATGGGGGAGGCGAGGGCAGCGCACCAGCCGGCGGTCACCGCGGCCCGGCGCCCGCCCCGGGGGGTGCGGCGGGGGCGGGGGGGGGGCGCGGGGGCGGTGCCGGGGGCTCCCGCTCCCTCCAGGTCGCCCCCGAGCTCCCGCAAGCCCACCCTGACCTCCTTCTTGCAGCTCGCCGCCCGGCCGCCCTCTCTATCCATCCGAAGGGAAGGAGCCCCAGAGTTTTCTTCCCCGTCTGCTGCAGAGTAACTAGATTGTAAATAACGCGGCGATTACCCACACCGTGCAGGAATTTTTTTTTTATCTGCCCTCCACTTAAAGGAGCGATAAAAATGAAATGGCAGGAGTGGAAGGAGCCAGGGAGAGCGGGATATCTCTAGATCTCGATGGAGCTCGCATCTATAAATACGCATTCATGTTTAGTCAAGTCCCTTTGTCAACTTCTTCCCGGCGCCTGAGCCTCAGCCGCTGCTCTGCGCCCAGGACCTGGCCCCTCCCGGCCCCCTAGTCCAGTGGTCAGGCGGTCGGGCCGGCAGGGAGGGCGCGCGCGGGGGGCTGCGGGGTCCGTGGAACCTTTCCGGGAGGCGAGCCGCGGGCTGCTGGGCGCGGAGGCTGGAGCCGCGAGAGGTTCGGCTGCTGAAGCGGCCACTGCCTCCCAGAGCCAGGCTCCGCGCCGCGCGTCCCCGCCGCCGCCGGCACTGTGCACCCACCTACTCCTCGGAGATTGGGGTAGGGGAAAAAAGTTTTGAGGCGCTCTCATCTCTGCCTCCGGGGTGGTTGAACT
13,+,AGGATGAAGCAGGAGCTTATTTTCTGTTTATTCACTTAACATCTCAGTAAATATTTATTAATCTCCTACTGTGTGCCAGGCACTATTCTGGGAACTGAGGATTCAACAATGAATAAATAAAGCTTCGTAAGACATTGTCCTCACTGCTATATCTCCACCCCCTAGAAGAATGCCCAGCACATACTGGGTGCTCAATTATATGTGTGAAATCAATTTGAGTTGGAAATGGGCAATCTGCTGGTTCTCACCATGGGGCATGCATACCCTGAATGTCTGGCTGGGAGGTGTTAAAGCACTAGTAGTAGGGATTTTGGCCAGGATTTTATTCTGGTTTCATTCTCTTAAAGGATTGACTTATGCAAAAAACTCCCACAGGTGGGACAGAACCAGAAATAACCCAGATCCTCATGGGCCTTTAGATTTGTGACTTGCATTAGGGGAGGCAGCTAACCAATCTCACACTTTTTTTCCTTTCCAGTCTCCACAGAATCAAAGCGGTCAGGGTTGGACAGGAATGACAGAGCTGTCTCCGTATTACTTGATCAAGGAAACCAGTATCGGGGAAGTCAAAAGATTTACACAAGTCACATGATGTGTTGGTGACAGAGCTGTGACTAAAACTAAAACCTAGACCTAAGACCTGTGATTTCTTTATTCATCTGGGAGCCTTCAGGCCCCTAAAAAAATATGTTGACATTTTCAGAGGAAAGAGCTTACTTACGTGCCTGTGGAACCATCAGGGGCTCTACAAGGTAGTAGCTTAGTTTTGTACACCTCCTAGTTTTTCTCTTATGAAAGAAGATGAAAGAAGTATCTCTGAGGTGTAGCAGCAAAGGAGAAAGTATATGGAAACCCGAGCAATTGGATTTTACTCTTCTGGATATTAGCTTGTGTGCTTCACTTTTATACTCCATTGCAGTTTCCTTCAGTGCCAGCTTTCCCCCTACAGACTAAAACAAAGGTCTTCCCCAAATTCCCTGCCTAAAGGAAAGGCAATCTGT
14,+,ACTCATCCCCTTCTGGGCCTTTCTCAATCCTGCCCACCTTCAAAATCAAGTGAAAGGCTTCTGCTGGGTGGATGAGGAAGTGTCCATGCTCTGAGCCTCTGGTCTGCTCTGCCCCAGGATGGCCAAAGTGGCTCCCTCATAGCACTTTGTAGACTTCCCTGAGAATGCCTTTTATCTCCTATTAGTTTATAAGTTTCCTAAGAGAAAGGGCTACAACTTCATTCATCCTGGAATCACCACATGAGTTACATATAATAATTGCTTAATACATGTTTGCTGAAAATGAATACAAGAGAACAAAGCAGAAAGCACTGCTATTTTGAAGCCACATGCAACATTTCCTCGAACTGCATTCTTTTTGGAGCAGATATCACTACTAATGCAAAAGTCCAAGTTCTCCAGCTGGCTAACTGGTGGTGTCTTGTTTTCCTTTTCAGTTTTTAAATTAATCTTTCTATCAATCTTTTTAAGGACATTCCCCTTTAGAGATTATTATTGAATGTTAATAATGGATATATTTGATAGTCTCTAAAATGTATGAATTCACTAATTTATTCAGATTTATAAGCCTATGTTTTCAACTTTTAGAAATTACTTCGAAGAAGAAAAAAGGAACTCTTTTGGAAACACTTTCTACAGATTTTAGTTAAAAAATAACTTATGGTACTGCTTTTCACAGTGGCTTTTGAAAAATTCTGTACATTTAAACAGGTTATCAAAGATCTTCATGGAACTTCTTTGATAAAGAAGTTGAACCATTCAATAAGAACCTTAGACTTCCACCACTGGCTGAATTCTGTAATACCCTAAGAACCGTCATCCAATTCACACCCCTCCCACACAGACACACATATCCATCTTTTCATATAATATTTTGAGTTGAAAACTGAGAAAGCTCATTTGTGCTTGTGGCATAAGCTGCTTTTTAAAAAACACAATAAAATTGAATAAATTTAAACAGCAAAACATTAATTTAAAAAAATGCACCACGGACACTGCAT
15,+,ACCTGGATTTCAATGATCTAAATAATAATTGAAATGGGGTGTTTGCTATAAACATTGTTTCTCTGAATTAAAGGATTCCTTGCTGAAGGCACAAGACCATTGAAGGAAGTAAAGCATCTGGTTTGTTTTGTAATGAGAAGCAGGAATGCAAGGTCCACGCTCTTAATAATAAACAAACAGGACATTGTATGCCATCATCACAGGATGTCCTTCCTTCAACAGAGGACTGACTGGGCTGGAGGAAAAGCTGGCCGGGGCTCAGAATAAGCCCCACTAATTACTGCCTCCGACCGCTTTCCACTTGCAGTGATCAGTTCAATATTCCTCTGAACTGTGAAACGACTAATGCTCTACATTTTACTTACACTCCTGGGAAGTCAGCCTGTGGGTTCTGGGAGGAGAGGAAAGGAAAACAAACAATCTGTAGAATTATAACTTTTGCCTATTTCCCTATTTACTAAATAGTTAAAAGAGGAAAGTTAGTTCTGCCAAGTTTGAACGTTAGCAGGAGAAACGGAATGTTACAACTTTTGGGGCGGGGGGCGGGGAAACGTGCGTTACATACACAACAGCTTGAGGACCAGACAGCTCCACTGTATTACACTAGCTGCAAAAACAATTTAACTTGCTCTTTTGAAGTAAGATTTGTGTCTTTTGTACCTGGGGATTTGAGCTGAGAAATCAGAAACTGTGTAGGTAAATTTTAAGTTTCCTTAATTTAAGGAACGTGCGCCCCCTAATTCTGCCGCGCCAGGAAGGAGGGCGATCTGGAGTGTTTAGAATACAATAGAGCCCAAGTAAGCGTTGAGGTTAAGTGCCTTCAAAGGGAAGTAAGAAGATTCCAAGTCAATGTTGAAATACACATGCGAAGAGAGGAAGCTCTCGGCGGCTGTGCTAGCAATCTGGGGGAAAGCCCTGGGCTCGGCCAGGTGGTGTTGGCCACGTTGGCCACGCCCCCACTTCGCGCAGCCGAGTGGCTAAGGAAATCTTAAGCAGGGAGG
16,+,ACACATTTATGTAAAAAAATTTGTACACATGCATTTACATATGTAAATACATACATCTCTATGTATTAATGTTTAAAAACACTCAATTTCCAGCCTGCTGTTTTCTTTTAATTTTCCTCCTATTCCGGGGAAACAGAAGCGTGGATCCCACGTCTATGCTATGCCAAAATACGCTGTAATTGAGGTGTTTTGTTTTGTTTTGTTTTTTGAAATCGTATATTACCGAAAAACTTCAAACTGAAAGTTGAATAACGGGCCCAGCGGGGAAATAAGAGGCCAGACCCTGACCCTGCATTTGTCCTGGATTTCGCCTCCAGAGTCCCCGCGAGGGTCCGGCGCGCCAGCTGATCTCTCCTTTGAGAGCAGGGAGTGGAGGCGCGAGCGCCCCCCTTGGCGGCCGCGCGCCCCCGCCCTCCGCCCCACCCCGCCGCGGCTGCCCGGGCGCGCCGTCCACACCCCTGCGCGCAGCTCCCGCCCGCTCGGGGATCCCCGGCGAGCCGCGCCGCGAAGGGGGAGGTGTTCGGCCGCGGCCGGGAGGGAGCCGGCAGGCGGCGTCCCCTTTAAAAGCCGCGAGCGCCGCGCCACGGCGCCGCCGCCGCCGTCGCCGCCGCCGGAGTCCTCGCCCCGCCGCGCTGCGCCCGGCTCGCGCTGCGCTAGTCGCTCCGCTTCCCACACCCCGCCGGGGACTGGCAGCCGCCGCCGCACATCTGCCGCCACAGCCTCCGCCGGCTACCCGAACGTTCTCGGGGCCAGCGCCGAGTGGATCACCGGGGACCGCGAGGCACCCGCGCGCCGCAGACCCCGCGCGGGCTGGAGCACCCGGCAGAGCGCGCCACAGCGCCGTGGCCTCTGCTGCCCGGGCTGCGCCAGAGCCGCGGACGGGCGCGCAGAGCGCCGGGGACTCCGGAGCCGATCCCTAGCGCCGCGATGCGGAGCACCTACTGCAGGAGATCGGGGGCCTGGGACGCGCTGGCCGAGGTGTGATCGGACCCCAGGCTAGC
17,+,CTGGAATGCCAAAATAAGGATGAATTGTCTAAAGAGAAAACCAGAATGCCTTTCTGGACCAAAGATTGAAATTGCTCTGCCTAATAATGTAAACAGTTTATTTTCACTGACTGGGGGCAGAGTGTTCCTTAGCGAGATTAATATGATACTAGCTGCTTTTTTGTCTTCCTCTGGCAAAGGCTAGAGATAACAAAAATTGGGGTTCTAGACTCTAGGGAGGAAGGACAACATTCACAGCTCCATTTGTAGGAGGTGAGGAGGGCCCTTGAGAAAAGTGGGGTGTGAGCGAGTATAGGACATTCAGGAGAGAGATGATCAGTAGGGGACACCCTGGGAGAAAGAGATTCTGAGCTCTTTTCTTTTCTCCGGAGCCCTGACCCTTGAGCAGTGGCACACAGAGTGTCTTCCTTTATTCTCTGGTACAGTAGTCATGTTTCTTGGCACAGTGCCTTGGACCTTCCATACATGCTTTCTTCCCTCCAGAGCCTTCGTCTAAGATGCTGGAGAGTAGCTTATAGCCTGGGCATCAAGTTTGTCGATTCTCCCCAGGACCCTTTTCTTTATAGGTGCCACATGTCATGATTTATGCACAAACATGATTTGCCTGACAGTGCAGTCTGGGCCTGGAATAATTTTAATTAATGGGAAAATGGTCCTCAATACACCGATTAGACCTCTTCAGGTACAACAAGATAAAAGCCTGATAATTTGGATGGAGTACTCTTCTTAAATATCTACTCTGTGCACGGCAGCCAATGGGAAAGCCAGGCTCTCTCCCACCTGATCCAATGAGTAATTAAGAGAGGGCTTTTTCTTCCCTACCTCTCCCCTGCCTCCACCCCGCTCCCCAACTAAAGCTTAACAGGTTGGTGGCATAATGTGGAGACTTTTAAGGGGTGTCATCCTAGGAGCTTAGGCAAGAGCCAGGGTATCTTCTCTCCGCTCCCCAAGCACTGTTCAAGTGGGTTTGAAAAGCAGGCAAGTGAGGGAAGGAAGAAGCT
18,-,GGCAGAGAAGGCCCGGAGGGGCTCTGCGTTCTGTAGTGGCGCTGCTTGGGCCCTTGGCGGATTGTAAGCTGCTGGTTTTGCGGCTGGGAAGAGCGGCGAGAGGGTTCGGCATTTTTCGTCGGGATCCCCGCAAGGATGAGTGCTGCCAGAGAGTCTCACCCGCATGGGGTGAAGCGTTCAGCCTCCCCAGACGACGATGTAAATAATAATGGCGGAGTGGCTGAGGGTTGAGGCCTACTAAAGCCTGGAGTAGGCCGGGAAGGGTGGTTGGAGGAGGACGCGCCTGAGGTGGCCTGCAGCGGGAGAGCCCAGGGAAGAAACCAGAAGAATGAGTGGGAAATGCCTCCCTTAATCTTTATGAGGGTCAGAAGGTTTGAAGAGGCCCACACGCTGAGAGCCGGAGACCTGCGTAGGAAGGGGGATTGAGGAAGGAAATTCTGAGAGGGTCGAGGAGTGAAAGAGCTTAGTCAAGGGATTTCGTACGTGCGTTTTGGGGGGCCGATGAGAGTGCTTTCTCGGGCCTTTGTACTCAGTATAGAGACGGCAAGACTCTCCCTGTTTTGGGTTCTAAATGTTCCCGTGACAATGTCGAAATGTTCGTGCACGTTTGTACAGATTTTTCCTGCCTGGATGATTTTTACAATGTGCTGTTGAGAGTTAACTTTAGCTGCACTAGTAAGGGTAAACCGAGAACAGTATTGAGCCGAAAATTGTGCCACGGGTGTAATTTGGTACTGGCTCTGGTGGTGAGGTCTAAGACGTTGAGACCTAGAAGCCCATTTTGATGTCGGATATTAATACCTCGTTCTTCTTACCTCGTCTCCCCATCAAATGCCGTTCCCTTCCTCAGCCCTCACCTCATAGGTTTTAATAGCAAACGGTTTATCCCTTAAAGTAACCCGTTAAATATTTACTGCACTGCCGGGTGTTGGGAATTCGGAGAGAAATATGATGCTTATTTTAGGCCTTTTTGTATATTTGTCCTAGCTCCTAGCCCAGT
19,+,AGTGAAGTTGACTTATTCAAGATCATTCAGCCAATTGCTTAATCTGAGCACCTTTCTTTTTCCTTCTTGGAAACACAAGATGATTAGAAAATCTTTGGTATCTTAAGTTCACAATCATTTATTTTTCCTTGGTGTAGTTTTAAATAAGATAGTATGAATATCTATATACTTAAATTATTCCAGATGTAGTTTTCTTTCTGTCTTCTAGCAATTTAATTCAACCTCCTAATACCAAAGGAGTTTTAGGAATTATTATGAGCCTTCTCTTCTTCTAAGCTTATTACTACTCAGGTGGACTTTTTCTACGTGAATGCTTAATGATGTATTTTTGAAAAACAATAGTAGATCTCAGTTTGTAACTCAAGGAACTAACTGCCCTTAAAATGAAGGATTTTATTAATTTCCTTTTTGTTTTTATAAATTTAAAGTGATCAGAAAGTTGAAAGAATAGCACAACAAATATAGCTTCACCTAAATTCACAAATTAAAAGTTTTAATGAGAGTAGCTTTGACGTGCTGAAAAGGTGGGAGAGACATACTTCTTCCTTCTACTTTTAGAACGCTGAAGTTTATAAGCCAAAGACCCCAGTCCACATGTGTAAGGAAGCAGCCACTGATGCTGTGTCCTTGACACGCATCTTTCTCACCTTTTGATTCTTTTCAGACGTGGGTCAGCAGCGTCATCTGCCCTTTTTAGCTCTCTCTCCAAGTCTATCCCCAATTTTCTTTCTCCATTCTGTCCACACTACTCCGCTCCCATTTCTTATCTTTTTAATCACAAAGGTTTCCAGTCCTCTTTTTCTTTACTCCTTAACTTCAGCAACTCTCCTCCCCTGCTCCCCTTCCACCAACCCCCATCTCTATTTAAACAAACAAACGGGCGGCAAAACTGGACCTGGCCGGAGGAGCCTTTCAAGTGGGCGTGTCTTTCGGCTGGGGAAAAGGGAGGAGTTAGACTCTGGGCAACATCACTCCTCCCTGGTCAGCTGGGAGAGCAATCA
20,-,GGGAGCCCAGTCTTGGAAAAAGTTAGAATCCTTTAACCTGTAACAAGCTTAGTAACCTTAAAACACAATAACAAAAAAATTTTGTAACAAAAGGTGTGCTGGCTTGGAGACACCTCCACTGAAACATGGAAGCACTTACTTTTGTTTCACACAGCAGGTACCCCCATGTTAAAGCAAAGGGGATCCCTTCAAATGAGGTTAGCGTGTTCTATTTTGGAGAAGTAAATTGGATTCACTCCTACTAAAACATGGAAGCACTTACTTTTAAAGTCACAGAAAGCACTTCCATGTTAAAGTTGAAGGGAGCCCACCCAACATACAACTTCTTTGGACTTCAGAGTATTTAGAGCTGAGGAGAAAGAAAACAAAATGGCATAACTTTAGAAGAAAAAAATTTTTTTACCTTCCTGAACTAGTTCCCAAAGATTCGTGTTCTCCTCCAGAAGGGTAAAAGGCAGGGACTTCAGCCACTTCTATTTATACTATTCTTAACTCTTGAATTCCTTTTGCCTTTTTATCTCAGAGAATCATTACAAGGGCCTTTTGTTATTTTAATGTATCAGCTCTCAGGGAATGTATGATCCTGGGTGGGTCTGGATCCTTTTTTTTTTTTTTGAAGTATACAGATGTCAATGTTAACAGCTAAAACCATTACCACAAGATATCTTCCTCTTAAAAAAAAAAAAGAAAAAGAAAAAGAAAATCTCCTATCTGCTTGTTTGATGGCATAGATTAGGGTAACAATGAGTGCTCCCACTGAGCCGAGAAAGGCATTGTGTTTCTATCTGGAGGAACTCTGTTTGAAGAAGCATCTACATGTTAAATGTATGTAAATAAATAGATTGCTTCCACGGGGTGTTTTGTTCTACTTAGAAATTCTTTTTGATTCAAGTAAATACTAAGGAATGTTATCTCTCAAATTGGAAGCAGTTTAACAAATCTTTAATCTCGCCCTTTTCCCACAGAGATGACTGATTTAGTAAATGTTACTAGTTAAGGAA
21,+,GTGTCAATCCATTTGGGAGAGGCCAGCCATTGGAAGAGCCACCACTTCCAGTGCTAGTTGGATGGTTGGTTATGATTGCCTTCTGTAAAGAATTCTTAAGGCATAAATACGTGTCTAAATGGACCTCATATCTTTGAGATAATTAAACTAATTTTTTCTTCCCCATTAGGGATTATGCTGAATTTGTATGGTTTATAGTTGTTAGAGTTTGAGGTGTTAATTCTAATTATCTATTTCAAATTTAGCAGGAAAAAAGAGAACATCACCTTGTAAAACTGAAGATTGTGACCAGTCAGAATAATGTCAAAGTGCTTACAGTGCAGGTAGTGATATGTGCATCTACTGCAGTGAAGGCACTTGTAGCATTATGGTGACAGCTGCCTCGGGAAGCCAAGTTGGGCTTTAAAGTGCAGGGCCTGCTGATGTTGAGTGCTTTTTGTTCTAAGGTGCATCTAGTGCAGATAGTGAAGTAGATTAGCATCTACTGCCCTAAGTGCTCCTTCTGGCATAAGAAGTTATGTATTCATCCAATAATTCAAGCCAAGCAAGTATATAGGTGTTTTAATAGTTTTTGTTTGCAGTCCTCTGTTAGTTTTGCATAGTTGCACTACAAGAAGAATGTAGTTGTGCAAATCTATGCAAAACTGATGGTGGCCTGCTATTTCCTTCAAATGAATGATTTTTACTAATTTTGTGTACTTTTATTGTGTCGATGTAGAATCTGCCTGGTCTATCTGATGTGACAGCTTCTGTAGCACTAAAGTGCTTATAGTGCAGGTAGTGTTTAGTTATCTACTGCATTATGAGCACTTAAAGTACTGCTAGCTGTAGAACTCCAGCTTCGGCCTGTCGCCCAATCAAACTGTCCTGTTACTGAACACTGTTCTATGGTTAGTTTTGCAGGTTTGCATCCAGCTGTGTGATATTCTGCTGTGCAAATCCATGCAAAACTGACTGTGGTAGTGAAAAGTCTGTAGAAAAGTAAGGGAAACTCAAACCCC
22,-,CCGCTTGTCCCTCTGCTCAGGTTTTATATAGCCCGCGGGCATTCCCTCCGCGCCACCCCGCAGGAATGTCGCTGCCCTTCTCGAGCCATATTTGGGTGTTGGGCACTAGAGCCCCCTCCCTCGGCCGGTTCGCGGCCTGGGCCCCCGCCCGGGTCCCCTGCGTTGACCAAAGAAGGAGCGGGTTGGCCCGGTCCCAGGTAACGCGGGCCGGGCCGTATATGGAGTGTCTCCCTAGCGGGTTTGCCCCTCCTGACCCGACCCAGTTGCCCGCCGGAGGGGATGGGGTGGGGCGAGGGTCACCGCGTTCGCCGGTGGGTGCATGTGTGCGCCTGCGCTCCGGGAACCGCACCTGTCCCAAAGGCCTCCCCAACCATGTCCACTCTGAGCGCCCTGGGCGCTCGGGAAGGTGCCTGACTGCTGACTTCCAATATTTCAACTCCTCTTCGGGTTCTTTGCTCAGATCCCCAAACTCCCACTTGCGACTACCGGGAAGAGGGAGTCGTGTGGAGTGGTGGGCTTGGGAGGATTGGAGAAGCAGTCACTCCTGAGTCTCAGGAAGGGAAGGAAGGCGAACTCCCTCTCCTTTACGCCCCTGGAACTCCATTTCTCTCTTCCCACCCCCGAGCTCCCTGAATCCAAAAAGCTGAGCCACGTCGACCCCTTCCCCCACCGCACAGAGGGCCACCGGCGGCCGGAGGGCGCGCAGCTGTCGCAGGATAGACAACTGGCGGGGGGAGGCGAGGGCGGAGCGCCGGGGAGGAGGCGCGGGGGCTCCCGGGGATAGGCCTGTCAGGCGCAAAGCCTGAGCACACGGAGCTGTCCGCCTCAGGGACGCGCAGCGCCCTTGGGTCTCCTAAAGGGATTGAAGGGGTGAGGGTTCCCCTCCTGTAGGACGCACTGGCCCCAGGTTTTGGTGGGCTGAGGCCCTCCCCCAGCCTCTTTGGTGGCACTATGTGTGTCCCTCTCCTGGGGCTGAAAGACAAGGGTCACAACCCAGGAC
23,-,TCTCCCTTCCCTCCCAAATTCCCAGAAACAACAGCAGTGCTGACCACTTCCTGAGCGCTCCTCAGCCACCCCGCCTGAGTGGTCTGCTCACTCCCAGCCTTGCTGCTTGCAATCTTTCCATCACACCCCAGCCAGGGTTATCTTTTAAAAATACAAACCAAGAGGCTGGGCACAGTGGCTCATGCCTGTAATCCCAACACTTTGGGAGGCTGAGGTGGGAGGATCACTTGAGGCCAGGAGTTCGAGACCAGCCTAGCCAACATGATGAAACCCCATCTCTACTAAAAATACAAAAATTACCCAGGTGTGGTGGTGCACACCTGTAATCCCAGCTACTCAGGAGGCTGAGGTAGGAGAATCGCTTGAACCTGACAGGTGGAGGTTGCAGTGAGCTGAGATGGCACCACTATACTCCAGCCTGGGTGGCAGAGTGAGACTCTGTCCCCAAAAAACAAACAAACAAACAAAAAATCACATCACTCCCAGAGATTGTAACCACCTGAGAGCTTCTCATTGCATTTGGCCTGATGTCCAGACTCTTTTCTCTGGTGATCCAAACCCCCCAAGATCTCGCCCTTCCCTTCCTCCCCACCCTCGTTTCTTCCCACATCCCCTCATCTGCCGTGCAGCAACCATGCAGGCTTTCTCTTGTTCTTCAGATACACCAAGCCTGGTTCCACCTTATGGTTTTGCATTTGCTGTTCCCTATGTGTGCAATGCTCGACCTGAGCCCGGGTTCCCTGGCTCAGGGAACAGAGGCTGACACCACACTCATAACACCTGATGGGATGGAGGAGATGGAGGTGGGCGGAAGAATGTGTAATCCCAGACAGCAGCAAGAGTAAGGGAGAAGGGAAGCAAGAGAGAGAAAACAAAGGCTGCAAATGCATTACTGAGCTGACCCATCACTTCTTGAGAAACTCTAGCCAGTTGCTCTGACACATGGGATTCTTTGGAGTGGCAATATGGAACACACTTATACCATAATGCAACATATGTG
24,-,GGGAGCCCCCAGACCATGTAAGGAAGGGGAGGGGGCAGTCAGGGGGATGGCCAAATAGGGAGCTGGGGAGGGGCAGGCGCTGAAGGGTAGGGGGCAGGGGAAGACTAAGTGACGCCAGCCCACCCCTCCCCCTTTCTGGGGTGTGGGTGCTCCCTGGATGGTCTGTGGATTCGGTCCTCCGCAGCCCTGCCAGCCTTGGGGACAATAAGCCACATGCAGTGGGAAGGCTTGGCGCCCTGCCCTCTGCTGAGGGGTCCTGACAGCTGGGCCAGGGCAGCAGGGGAGCAACAGCGGCTTCTCATCTTCCAGGGCTGCCACCAGCACAAAGGACACCGCAGCAGCACATCTGAGTGGCTGCAAAAGGGGCACCCAGGACAGGGCACCCTTCTGGTCTAGTCCCCGCCAGCCTGAATGGCTTTACTCAGAGAGCTGGTGCTGGGCTCATCTAGGTCAGAAAGCTGAGATTAACCAAGGCCACCCGAGTTCCAACCCATGCATGGATCAGGGTCTGGCCAGGGAAGAGTCAGAAAAGGGTTTCTGTGAGAGCTTGGCCAAGTCTTGCTGGAGAAGGGACCAGGTTTACCCCAGCCCAGTTATTGGGTAGCCCTCATCCATGCTGCAGGGTTTTGCTCAAATTCAGACTCTGGTCTTCAGGCCAGAAAAGGATCCCCTGCTGCCAAAGTGAATAAAGGAACAAATGCCAAAAGTAGCTTGCCCACTTGATGGTGGGGAGATGAGCATCTTTAAACTGGGGGCAGAGGCCCTCACTCCAGGTGGAGACAAGACTGCAAAGGCAAATACTTTGATGGAGAACATAGCAACAACTTAAACTATAGGACTACACCAATCCTTGCTACTCAAAGTGCAGCCCATGGACAAGCAGTATTGTCATAACCTGGAAATGAGCTAGAAATGCAATCTCAAGAGCCATCCCAATCCGCTTTTCAGCAAGATCCTCATTTGCTTGGTATGTACATTAAAGTGTGAGAAGCATTGGCAT
25,-,TGAGGAGAGAGAATCCATATGCTTGGTGAGCAATGTGTGAACATCGTGGACAAGTCAGTTTTGCTTAAGTCTGAGCAGCACGTTTGAAGTAGTTGATCGGCCCACACTGTAATGGGCATTACCTTAGGGGAAGTTAATGGCCTATTGCTATGCTACAAGTCTTCTTTAAAAAAAAAATCAATAGGTTTTTGGGGAACAGGTGGTGTTTGGTTACATGAATAAGTTCTTTAGTGGTGATTTCTGAGATTCTGGTGCACCCATCACCCAAGGAGTGTACACTGTACCCATTGTGTAGTCTTATCCCTCACCCCTCCTCCCACCCTTTCCCCCGAGTCCCAAGGTCCATGTATCATTCTTATGCCTTAGCATCCTCATAGCTTAGTTTCCACTTATGAGTGAGAACATATGATGTTTGGTTTTTTATTCCTGAGATACTTCACTTAGAATAATGATCTCCAGTTCTATCCAGGTTGCTGCGAATGCCATTATTTCATTCCTTTTTATGGCTGAGTAGTATTCCATGGTATATACATACACCACAATTTGCTAAGAGTCTTCTTTAAGAGGAGGGTTGATGCTGGGGATGCTAAGCAGAGGAGACTTTGGGATTGGGGATTTCCAAACCTTATTGATCACGCAATTGCCTAGAGGAGTTTAAAAAATCATAGACTCTTGAGTTGGGGTGGGGAAGAATCTCCCACAGGTGATTCTGATGGTCATCTGGACTTGGAAACCATTGAATCGGAAGACCTTTAAGGTATGTTCAAATTCTAAATTTTGACAAACTTATCTACACCAAGTGTGGCCCCCAGACTAGCAGCATCAACATTATCTGGAAACTTACTTGAAATTCCAGTTCTTCAACCCCACCCAATACCTACTGAATCAGAAACTCTAGGGGTGGATTCTAGCAATCTGTGTATTGCTAAATACACACGTGATCCTGATGCCTGCTCAAATCTGAGGACCACCAATCTTCAGTATTTATTAGTAATTCTAT
26,+,CAAGCCACAATCGTCTTTTTTTTTTTTTTTTTTTTTTTTTTTTTGAGATGGAGTCTCACTCTCGTTGCCCAGGGTGGAGTGCAGTGGCGTGATCTCAGCTCACTGCAACTTCCACCTCCCAGGTTCAAGCAATTCTCCTGCATTAGCCTCCTGAGTAGCTGGGATTACAGGTGCACACCACCATGCCTGGCTAATTTTTTTTTTTTTTTTGTATTTTTAGTAGAGACAGGGTTTCACTGTGCTGGCCAGGCTGGTCTCGAACTCCTGACCTCGTGATCCACCTGCCTCGGCCTCCCAAAGTGCTGGGATTACAGGCATGAGCCACCGTGCCCGTCCCTTGACGATCTTTTAAAAAGGCCAATTTGACCATGTTGGTTCCCTCCTTCGAACCATCTACTGGCTCCCCATTGCTCTTCAGATAAAGACACAAACCCTTGACCTGTTCTCCATGGTCCTATCCCTGGTCCTGCCCAGCTTCTTCACCTGGTTCAACAGGTACACTTGTCTCTTGGCTGTCTTCTTTCCAGAAACACTGGCTTGTGCTCCATTCTTTGACTGCTCCATGATTCTTTCTGCCACTTCACATAGGAAGCTCTTACCTTTTCTCTTTCTGTTTCCCTTTTTGGCTAATTAAATTCTTGTCATCTTTAAAGGCTTGGCTCAAATGTCTCTTCAAGAAAGCCTTCTCTAATTGCCCAGGGCAGGTCAGACTCCTCTGCTGTGTGCTCTTAATACTCTGTGCTTCTCCTTTGTATGATTTGTAGTCTGTCAGTATTGTAATGAAATAATTCATTATGTAATTAATTGCTTAGTGTGCATAAGCGCCGTAATGGCAGAGGCTATGTCTCTTGTTCATAGTCATAACACCATTGCCTGGCTTGGTGCTTTACACGTGGTAGGCACTCAATAAATATTTGGTGAATGAATAGTTACTACGAATAACTATATAAAATATATAAATACATTTTTTCAAGTCAGTACTTTCCCTTTTCCTTTTAGG
27,+,AGCGGGCAGCAGCAGCCGGCCGCGGGCTTTCTCCCGCCGAGGGGCGAGGAGGAGCCTCTGGCTCCAGAAGCCGATTGGGGAATCACGGGGAGCGGCGCCCCCCTTCTTTTGGGTCATTTCTGCAAACGGAAAACTCTGTAGCGTTTGGCAAAGTTGGTGCCTGCGCGCCCCTTCCAGGTTTGCGCTTTGACTGTTTTGTTTTTGGCGGAACTACCAGGCAGGAAGATTGCACAAGTAAGGGGCGTTTTCAGTCGGGTGTCAATTTCTCTTTCTTTCTTTCTTTTTTTAAAATTTCGGTTCGTGTCTGCTTCTCCAAGCTTTATTTTTTTTTTTAAATACATCGCACCACCAAACTAACACTCGCACACACCCCCGCGGTTACTCCGTGTCAAACTCCTAGAGGAGCCCTTGGCCAGCTCGGGGTGCGGCGGTGGCGACCGGCAGGCGAGGAGGCCCGCGGGCAGCAGGTAAGCCCATGCATTATTGAAGCCTCGGGCTGGTAATGTGACTACAGCCCCCGAGGGAATGGGGCGGGGGCCGGGAGGAGGATGGCTCTTTCTGTGGTTCTTCCGCCTGGGATCGGCGTCCCGAGCTGCTTCCCAAGTCCCAGAGTCGAAGATGGGAGTAACTTTTGCGTGCCCTTTCCTCGGGGCCTCAGTTTAGCTCCCCGCGGTGCGAGAGAGAATGCCGGAGGCGTGGAGAGCTCGGGCGTGGAGGTCCTTGGGATCCGTACTAGTTGTGAACGATCCAAACTTATCTGACCAGCTCTGTGCTGCCTCCCTGCTCCCCTAATCTTCCTCCCCGCCGGGGTGACAGAGTCGCCCTCCGTGCATCGCGCGGTGCAGGGCGCTGGGCCAGTGATTTGCAAGAGGGGACGTGGCCTCTTAGGAGAGTCTGTCACAGACACCCGGGCCCGGGGAAGGCGGGGCTCCGGCGGTGTCCACAGGAGAGGGTGGGCAGAGGGTGGCTGTGTGGTCGGCGGCCAGCGGAGCGCTTCCCA
28,-,CCAATCTGGTGGGAGATGGAGTGTGGGAGCGTGGCCAGAGGTGCAGCCTAGAGGCGGAAAGGGGGCTGGCCCAGAGGAGGGTGACAGTGGCCTGCGCGGGGCAGCGTGGCAGGGATGGAGTGGGGCAGGGAGGACTGTGAGTGACTGTCAGGGACGGAGAAGCCATGGGCATTGGGCAGAGCAGTGGCAGAGTGAGGTAAGGAAGAGAAGGGTCTAGGATTATTCCCAAGTTTCCAACTTACGGGACTCGGGGGAAGATTGTGCTAGGAGGAGGGGCAGGCTTGGAGGAGTGAGTTCAGCCTGGGCCACGCTGCACCGGAGGTGGTGGGAGCCTCACTCTGTCGCCAGGCTAGAGTGCGGTGGCGCGATCTCGGCTCACTGCAACCTCCGCTTCCCGGGTTCAAACGATTCTCCTGCCTCAGCCTCCCAAGTAGCTGGGATTGCAGGTGTCCACCACCACATCCAGCTAATTTTTGTATTTTTAGTAGAGATGGGGTTTCACCATGTTGGCCAGGATGGTCTCGATCTCCTAACCTTGTGATCCCAAAGTGCTGGGATTACAGGCGTGAGCCACCATGCCCGGCCTACAGTACATTTTAACCCTCCCAATAAGTCAAACCCTGGAAAATGATGAAAACTAATGCACTTGACCCAAGCATTGCTGAAACTCTCGCTTGCCTGCATTTATGATATACTTCTCTCTTTTATGTAACATTGCCTGGGCAAAGTAGAACACAGATTCAGGTGAGAGCTGGCAGAATATGGAGTCATTCCTCCAGGCGGCCCCTCCTCATCAGCGGCAGCATTCTGGAAGCTGTGGTCTCCGCACATCCCTGACACCCCGAGAGCATCATCTCTTATTCCACACTTGCTCTTCTGACTTCAGCAGGGCCACCGAGGGCGAGGGAGGCCTTGGCAATCATGGACACCTTCCTTAGCCCCCAAACAGACCACTTCAGACAGGAGAGGGGTCTTTTCAGAGCTCCCCCTTGGAAGGCAG
29,-,TCTTTCTTTCTTTTTCTTTCCCTTCCTTCCTTCCTTTCTTCTTTCTCTCTTTCTTTCCTTCCTTCCTTCCTTCTTTCTTTCTTTCTTTTCTTTCTTTGTCTGTCTGTCTTTCTTTCTTTCTTTCTTTCTTTCTTTCTTTCTTTCTTTCTTTCTTTCTTTCTTTCTTTCTTTCTTTTCTTGTCTTTCTTCTCCTCTCCTCCACTAACCTGCCCTGCCCTGCCCTGCCTTGCCCTGCCTTCCCCTCCCCTCCTCTCTCCTCTCTCCTCTCTCCCCTCTCCCCTCTCCTCTCTCCTCTCTCCCTTCTCCCCTCTCCTTTCTCCTCTCTCCTCTCTCTTCTTCTCTCTTTCTCTCACTCTCTGTCACCCAGACTGGAGTGCAGTGGCACAGTCACGGCTCACTGCAACCTCAACCTCCTAGGCTCAAGTAATCCTCCTGTCTCAGCCTTCTGAGTAGCTGGGACAACAGGCATGTACCACCGTGCGCAGCTAATTTTTGTATTTTTTGTAGACCCAGGGTTGCCCCAGCTGGTCTGGAACTCCTGAGACTCAAGCGATCCACCCACCTTGGCCTCCCAAAGTGTTGAGATTACAGGCGTCAGCCACCATACCCTTATTTCAAAGTGCTCTGCGTCACAAAATGCTTTCTAGCCAAGAGTGTACACAACACACCAACCAAGGGTAGGAAGGTAGTATCATTCTTTATTCCTTCTTAAAATACCTGCTTTACAGAGCTATTATAAGAAGTGGACAATTCGTATGATGACAGTATGTAGTCAACACTAGCCTGGTGCCTGCTACATATTAAGTGCTCAGTACATGGAACCTGTTGTACCACAGTGGTGAAACCATGTTGTTTTCAAACACAAAGCAGTTAAAATTACACCAAAAAAAAGGAGAGGAGAGGTCTAAGAATAAAGCATTTTGAACCCATTGCAAAGGCTTTCCCACAGGTAGGTAAAAATAGTCACACGGGTAAAAATTTGGGTCCCCGCAAGTTGGGC
30,+,CCAGCCTGGCCAACATGGTGAAACCCCATCTTTACTAAAAATACAAAAATTAGCCGGGTGTGGTGGTGGGCGCCTGTAATCCCAGCTACTCGGGGGGCTGAGGCAGAATTGCTTGAACCTGGGAGGCAGAGGTTGCAGTGAGCTGAGATCACGCCACTGCATTCCAGCCTGGGTGACAGAGCAATACTCTGTCGCAAAAAAAAAAAAGAATACTGGAGGCTGGGCGAGGTGGCTCACACCTGTAATCCCAGCATTTTGGGATGCCAGAGGCGGGCGGAATATCTTGAGCTCAGGAGTTCGAGACCAGCCTACACAATATGCTCCAAACGCCGCCTCTACAAAACATACAGAAACTAGCCGGGTGTGGTGGCGTGCCCCTGTGGTCCTAGCTACTTGGGAGGTTGAGGCGGGAGGATCGCTTGAGCTCGGGAGGTCGAGGCTGCAATGAGCCGAGATGGTGCCACTGCACTCTGACGACAGAGCGAGACTCCGTCTCAAAACAAACAACAAATAAGGTTGGGGGATCAAATATCTTCTAGTGTTTAAGGATCTGCCTTCCTTCCTGCCCCCATGTTTGTCTTTCCTTGTTTGTCTTTATATAGATCAAGCAGGTTTTAAATTCCTAGTAGGAGCTTACATTTACTTTTCCAAGGGGGAGGGGGAATAAATATCTACACACACACACACACACACACACACACACACACACTGGAGTTCGAGACGAGGCCTAAGCAACATGCCGAAACCCCGTCTCTACTAAATACAAAAAATAGCTGAGCTTGGTGGCGCACGCCTATAGTCCTAGCTACTGGGGAGGCTGAGGTGGGAGGATCGCTTGAGCCCAAGAAGTCGAGGCTGCAGTGAGCCGAGATCGCGCCGCTGCACTCCAGCCTGAGCGACAGGGCGAGGCTCTGTCTCAAAACAAACAAACAAAAAAAAAAGGAAAGGAAATATAACACAGTGAAATGAAAGGATTGAGAGAAATGAAAAATATACACGC
31,+,CAACATGGTGAAACCCCATCTTTACTAAAAATACAAAAATTAGCCGGGTGTGGTGGTGGGCGCCTGTAATCCCAGCTACTCGGGGGGCTGAGGCAGGAGAATTGCTTGAACCTGGGAGGCAGAGGTTGCAGTGAGCTGAGATCACGCCACTGCATTCCAGCCTGGGTGACAGAGCAATACTCTGTCGCAAAAAAAAAAAAGAATACTGGAGGCTGGGCGAGGTGGCTCACACCTGTAATCCCAGCATTTTGGGATGCCAGAGGCGGGCGGAATATCTTGAGCTCAGGAGTTCGAGACCAGCCTACACAATATGCTCCAAACGCCGCCTCTACAAAACATACAGAAACTAGCCGGGTGTGGTGGCGTGCCCCTGTGGTCCTAGCTACTTGGGAGGTTGAGGCGGGAGGATCGCTTGAGCTCGGGAGGTCGAGGCTGCAATGAGCCGAGATGGTGCCACTGCACTCTGACGACAGAGCGAGACTCCGTCTCAAAACAAACAACAAATAAGGTTGGGGGATCAAATATCTTCTAGTGTTTAAGGATCTGCCGCCTTCCTTCCTGCCCCCATGTTTGTCTTTCCTTGTTTGTCTTTATATAGATCAAGCAGGTTTTAAATTCCTAGTAGGAGCTTACATTTACTTTTCCAAGGGGGAGGGGGAATAAATATCTACACACACACACACACACACACACACACACACACACACACTGGAGTTCGAGACGAGGCCTAAGCAACATGCCGAAACCCCGTCTCTACTAAATACAAAAAATAGCTGAGCGTGGTGGCGCACGCCTATAGTCCTAGCTACTGGGGAGGCTGAGGTGGGAGGATCGCTTGAGCCCAAGAAGTCGAGGCTGCAGTGAGCCGAGATCGCGCCGCTGCACTCCAGCCTGAGCGACAGGGCGAGGCTCTGTCTCAAAACAAACAAACAAAAAAAAAAGGAAAGGAAATATAACACAGTGAAATGAAAGGATTGAGAGAAATGAAAAATATACACGC
